Type,Name,Request Count,Failure Count,Median Response Time,Average Response Time,Min Response Time,Max Response Time,Average Content Size,Requests/s,Failures/s,50%,66%,75%,80%,90%,95%,98%,99%,99.9%,99.99%,100%
GET,/,1123,0,17,27.56000151381557,7.194200001322315,335.36129999993136,4270.0,31.777197787628044,0.0,17,21,24,26,31,42,240,270,320,340,340
GET,/setup/,1201,0,18,28.493935553751385,7.849599998735357,344.1304999996646,4790.0,33.984340643758934,0.0,18,21,24,25,32,42,260,300,340,340,340
,Aggregated,2324,0,17,28.04264126509049,7.194200001322315,344.1304999996646,4538.726333907057,65.76153843138698,0.0,17,21,24,26,32,42,260,280,340,340,340
